strike,midPrice,optionType,expirationDate,dataDate
6000,400.70000000000005,call,2025-08-20,2025-08-19
6005,395.725,call,2025-08-20,2025-08-19
6010,390.75,call,2025-08-20,2025-08-19
6015,385.775,call,2025-08-20,2025-08-19
6020,380.8,call,2025-08-20,2025-08-19
6025,375.70000000000005,call,2025-08-20,2025-08-19
6030,370.6,call,2025-08-20,2025-08-19
6035,365.6166666666667,call,2025-08-20,2025-08-19
6040,360.6333333333334,call,2025-08-20,2025-08-19
6045,355.65000000000003,call,2025-08-20,2025-08-19
6050,350.6666666666667,call,2025-08-20,2025-08-19
6055,345.6833333333334,call,2025-08-20,2025-08-19
6060,340.70000000000005,call,2025-08-20,2025-08-19
6065,335.7166666666667,call,2025-08-20,2025-08-19
6070,330.73333333333335,call,2025-08-20,2025-08-19
6075,325.75,call,2025-08-20,2025-08-19
6080,320.75,call,2025-08-20,2025-08-19
6085,315.75,call,2025-08-20,2025-08-19
6090,310.75,call,2025-08-20,2025-08-19
6095,305.75,call,2025-08-20,2025-08-19
6100,300.75,call,2025-08-20,2025-08-19
6105,295.9,call,2025-08-20,2025-08-19
6110,290.7,call,2025-08-20,2025-08-19
6115,285.75,call,2025-08-20,2025-08-19
6120,280.8,call,2025-08-20,2025-08-19
6125,275.70000000000005,call,2025-08-20,2025-08-19
6130,270.75,call,2025-08-20,2025-08-19
6135,265.8,call,2025-08-20,2025-08-19
6140,260.75,call,2025-08-20,2025-08-19
6145,255.75,call,2025-08-20,2025-08-19
6150,250.75,call,2025-08-20,2025-08-19
6155,245.7,call,2025-08-20,2025-08-19
6160,240.64999999999998,call,2025-08-20,2025-08-19
6165,235.64999999999998,call,2025-08-20,2025-08-19
6170,230.64999999999998,call,2025-08-20,2025-08-19
6175,225.75,call,2025-08-20,2025-08-19
6180,220.7,call,2025-08-20,2025-08-19
6185,215.7,call,2025-08-20,2025-08-19
6190,210.75,call,2025-08-20,2025-08-19
6195,205.95,call,2025-08-20,2025-08-19
6200,200.95,call,2025-08-20,2025-08-19
6205,196.05,call,2025-08-20,2025-08-19
6210,190.7,call,2025-08-20,2025-08-19
6215,185.85,call,2025-08-20,2025-08-19
6220,181.0,call,2025-08-20,2025-08-19
6225,176.10000000000002,call,2025-08-20,2025-08-19
6230,171.10000000000002,call,2025-08-20,2025-08-19
6235,166.05,call,2025-08-20,2025-08-19
6240,161.10000000000002,call,2025-08-20,2025-08-19
6245,156.05,call,2025-08-20,2025-08-19
6250,151.10000000000002,call,2025-08-20,2025-08-19
6255,146.10000000000002,call,2025-08-20,2025-08-19
6260,141.15,call,2025-08-20,2025-08-19
6265,136.15,call,2025-08-20,2025-08-19
6270,131.15,call,2025-08-20,2025-08-19
6275,126.3,call,2025-08-20,2025-08-19
6280,121.3,call,2025-08-20,2025-08-19
6285,116.35,call,2025-08-20,2025-08-19
6290,111.45,call,2025-08-20,2025-08-19
6295,106.5,call,2025-08-20,2025-08-19
6300,101.6,call,2025-08-20,2025-08-19
6305,96.65,call,2025-08-20,2025-08-19
6310,91.75,call,2025-08-20,2025-08-19
6315,86.95,call,2025-08-20,2025-08-19
6320,81.94999999999999,call,2025-08-20,2025-08-19
6325,76.85,call,2025-08-20,2025-08-19
6330,72.5,call,2025-08-20,2025-08-19
6335,67.95,call,2025-08-20,2025-08-19
6340,63.150000000000006,call,2025-08-20,2025-08-19
6345,57.9,call,2025-08-20,2025-08-19
6350,54.05,call,2025-08-20,2025-08-19
6355,49.7,call,2025-08-20,2025-08-19
6360,45.4,call,2025-08-20,2025-08-19
6365,41.150000000000006,call,2025-08-20,2025-08-19
6370,36.55,call,2025-08-20,2025-08-19
6375,33.0,call,2025-08-20,2025-08-19
6380,28.6,call,2025-08-20,2025-08-19
6385,25.4,call,2025-08-20,2025-08-19
6390,21.95,call,2025-08-20,2025-08-19
6395,18.85,call,2025-08-20,2025-08-19
6400,15.85,call,2025-08-20,2025-08-19
6405,12.75,call,2025-08-20,2025-08-19
6410,10.55,call,2025-08-20,2025-08-19
6415,8.55,call,2025-08-20,2025-08-19
6420,6.699999999999999,call,2025-08-20,2025-08-19
6425,5.300000000000001,call,2025-08-20,2025-08-19
6430,4.0,call,2025-08-20,2025-08-19
6435,3.0,call,2025-08-20,2025-08-19
6440,2.2,call,2025-08-20,2025-08-19
6445,1.6,call,2025-08-20,2025-08-19
6450,1.175,call,2025-08-20,2025-08-19
6455,0.8,call,2025-08-20,2025-08-19
6460,0.6000000000000001,call,2025-08-20,2025-08-19
6465,0.47500000000000003,call,2025-08-20,2025-08-19
6470,0.35,call,2025-08-20,2025-08-19
6475,0.275,call,2025-08-20,2025-08-19
6480,0.225,call,2025-08-20,2025-08-19
6485,0.175,call,2025-08-20,2025-08-19
6490,0.15000000000000002,call,2025-08-20,2025-08-19
6495,0.125,call,2025-08-20,2025-08-19
6500,0.1,call,2025-08-20,2025-08-19
6505,0.1,call,2025-08-20,2025-08-19
6510,0.1,call,2025-08-20,2025-08-19
6515,0.1,call,2025-08-20,2025-08-19
6520,0.07500000000000001,call,2025-08-20,2025-08-19
6525,0.07500000000000001,call,2025-08-20,2025-08-19
6530,0.05,call,2025-08-20,2025-08-19
6535,0.05,call,2025-08-20,2025-08-19
6540,0.025,call,2025-08-20,2025-08-19
6545,0.05,call,2025-08-20,2025-08-19
6550,0.05,call,2025-08-20,2025-08-19
6555,0.05,call,2025-08-20,2025-08-19
6560,0.05,call,2025-08-20,2025-08-19
6565,0.05,call,2025-08-20,2025-08-19
6570,0.05,call,2025-08-20,2025-08-19
6575,0.05,call,2025-08-20,2025-08-19
6580,0.05,call,2025-08-20,2025-08-19
6585,0.05,call,2025-08-20,2025-08-19
6590,0.05,call,2025-08-20,2025-08-19
6595,0.05,call,2025-08-20,2025-08-19
6600,0.025,call,2025-08-20,2025-08-19
6605,0.05,call,2025-08-20,2025-08-19
6610,0.05,call,2025-08-20,2025-08-19
6615,0.025,call,2025-08-20,2025-08-19
6620,0.025,call,2025-08-20,2025-08-19
6625,0.025,call,2025-08-20,2025-08-19
6630,0.025,call,2025-08-20,2025-08-19
6635,0.025,call,2025-08-20,2025-08-19
6640,0.025,call,2025-08-20,2025-08-19
6645,0.025,call,2025-08-20,2025-08-19
6650,0.025,call,2025-08-20,2025-08-19
6655,0.025,call,2025-08-20,2025-08-19
6660,0.025,call,2025-08-20,2025-08-19
6665,0.025,call,2025-08-20,2025-08-19
6670,0.025,call,2025-08-20,2025-08-19
6675,0.025,call,2025-08-20,2025-08-19
6680,0.025,call,2025-08-20,2025-08-19
6685,0.025,call,2025-08-20,2025-08-19
6690,0.025,call,2025-08-20,2025-08-19
6695,0.025,call,2025-08-20,2025-08-19
6700,0.025,call,2025-08-20,2025-08-19
6705,0.025,call,2025-08-20,2025-08-19
6710,0.025,call,2025-08-20,2025-08-19
6715,0.025,call,2025-08-20,2025-08-19
6720,0.025,call,2025-08-20,2025-08-19
6725,0.025,call,2025-08-20,2025-08-19
6730,0.025,call,2025-08-20,2025-08-19
6735,0.025,call,2025-08-20,2025-08-19
6740,0.025,call,2025-08-20,2025-08-19
6745,0.025,call,2025-08-20,2025-08-19
6750,0.025,call,2025-08-20,2025-08-19
6755,0.025,call,2025-08-20,2025-08-19
6760,0.025,call,2025-08-20,2025-08-19
6765,0.025,call,2025-08-20,2025-08-19
6770,0.025,call,2025-08-20,2025-08-19
6775,0.025,call,2025-08-20,2025-08-19
6780,0.025,call,2025-08-20,2025-08-19
6785,0.025,call,2025-08-20,2025-08-19
6790,0.025,call,2025-08-20,2025-08-19
6795,0.025,call,2025-08-20,2025-08-19
6800,0.025,call,2025-08-20,2025-08-19
6805,0.025,call,2025-08-20,2025-08-19
6810,0.025,call,2025-08-20,2025-08-19
6815,0.025,call,2025-08-20,2025-08-19
6820,0.025,call,2025-08-20,2025-08-19
6825,0.025,call,2025-08-20,2025-08-19
6830,0.030000000000000002,call,2025-08-20,2025-08-19
6835,0.035,call,2025-08-20,2025-08-19
6840,0.04,call,2025-08-20,2025-08-19
6845,0.045,call,2025-08-20,2025-08-19
6850,0.05,call,2025-08-20,2025-08-19
6855,0.05,call,2025-08-20,2025-08-19
6860,0.05,call,2025-08-20,2025-08-19
6865,0.05,call,2025-08-20,2025-08-19
6870,0.05,call,2025-08-20,2025-08-19
6875,0.05,call,2025-08-20,2025-08-19
6880,0.045000000000000005,call,2025-08-20,2025-08-19
6885,0.04,call,2025-08-20,2025-08-19
6890,0.035,call,2025-08-20,2025-08-19
6895,0.030000000000000002,call,2025-08-20,2025-08-19
6900,0.025,call,2025-08-20,2025-08-19
6905,0.025,call,2025-08-20,2025-08-19
6910,0.025,call,2025-08-20,2025-08-19
6915,0.025,call,2025-08-20,2025-08-19
6920,0.025,call,2025-08-20,2025-08-19
6925,0.025,call,2025-08-20,2025-08-19
6930,0.025,call,2025-08-20,2025-08-19
6935,0.025,call,2025-08-20,2025-08-19
6940,0.025,call,2025-08-20,2025-08-19
6945,0.025,call,2025-08-20,2025-08-19
6950,0.025,call,2025-08-20,2025-08-19
6955,0.025,call,2025-08-20,2025-08-19
6960,0.025,call,2025-08-20,2025-08-19
6965,0.025,call,2025-08-20,2025-08-19
6970,0.025,call,2025-08-20,2025-08-19
6975,0.025,call,2025-08-20,2025-08-19
6980,0.025,call,2025-08-20,2025-08-19
6985,0.025,call,2025-08-20,2025-08-19
6990,0.025,call,2025-08-20,2025-08-19
6995,0.025,call,2025-08-20,2025-08-19
7000,0.025,call,2025-08-20,2025-08-19
6000,400.75,call,2025-08-21,2025-08-19
6005,395.7825,call,2025-08-21,2025-08-19
6010,390.815,call,2025-08-21,2025-08-19
6015,385.84749999999997,call,2025-08-21,2025-08-19
6020,380.88,call,2025-08-21,2025-08-19
6025,375.9125,call,2025-08-21,2025-08-19
6030,370.945,call,2025-08-21,2025-08-19
6035,365.97749999999996,call,2025-08-21,2025-08-19
6040,361.01,call,2025-08-21,2025-08-19
6045,356.0425,call,2025-08-21,2025-08-19
6050,351.075,call,2025-08-21,2025-08-19
6055,346.10749999999996,call,2025-08-21,2025-08-19
6060,341.14,call,2025-08-21,2025-08-19
6065,336.1725,call,2025-08-21,2025-08-19
6070,331.205,call,2025-08-21,2025-08-19
6075,326.23749999999995,call,2025-08-21,2025-08-19
6080,321.27,call,2025-08-21,2025-08-19
6085,316.3025,call,2025-08-21,2025-08-19
6090,311.335,call,2025-08-21,2025-08-19
6095,306.36749999999995,call,2025-08-21,2025-08-19
6100,301.4,call,2025-08-21,2025-08-19
6105,296.15,call,2025-08-21,2025-08-19
6110,290.9,call,2025-08-21,2025-08-19
6115,286.4,call,2025-08-21,2025-08-19
6120,281.4,call,2025-08-21,2025-08-19
6125,276.375,call,2025-08-21,2025-08-19
6130,271.35,call,2025-08-21,2025-08-19
6135,266.4,call,2025-08-21,2025-08-19
6140,261.45,call,2025-08-21,2025-08-19
6145,255.95000000000002,call,2025-08-21,2025-08-19
6150,251.45,call,2025-08-21,2025-08-19
6155,246.5,call,2025-08-21,2025-08-19
6160,241.05,call,2025-08-21,2025-08-19
6165,236.275,call,2025-08-21,2025-08-19
6170,231.5,call,2025-08-21,2025-08-19
6175,226.55,call,2025-08-21,2025-08-19
6180,221.5,call,2025-08-21,2025-08-19
6185,216.45000000000002,call,2025-08-21,2025-08-19
6190,211.4,call,2025-08-21,2025-08-19
6195,206.375,call,2025-08-21,2025-08-19
6200,201.35000000000002,call,2025-08-21,2025-08-19
6205,196.45000000000002,call,2025-08-21,2025-08-19
6210,191.55,call,2025-08-21,2025-08-19
6215,186.55,call,2025-08-21,2025-08-19
6220,181.60000000000002,call,2025-08-21,2025-08-19
6225,177.10000000000002,call,2025-08-21,2025-08-19
6230,172.2,call,2025-08-21,2025-08-19
6235,166.75,call,2025-08-21,2025-08-19
6240,161.8,call,2025-08-21,2025-08-19
6245,157.39999999999998,call,2025-08-21,2025-08-19
6250,152.5,call,2025-08-21,2025-08-19
6255,147.1,call,2025-08-21,2025-08-19
6260,142.14999999999998,call,2025-08-21,2025-08-19
6265,137.3,call,2025-08-21,2025-08-19
6270,132.85000000000002,call,2025-08-21,2025-08-19
6275,127.6,call,2025-08-21,2025-08-19
6280,122.75,call,2025-08-21,2025-08-19
6285,117.95,call,2025-08-21,2025-08-19
6290,113.7,call,2025-08-21,2025-08-19
6295,108.9,call,2025-08-21,2025-08-19
6300,103.65,call,2025-08-21,2025-08-19
6305,99.35,call,2025-08-21,2025-08-19
6310,94.25,call,2025-08-21,2025-08-19
6315,90.15,call,2025-08-21,2025-08-19
6320,85.15,call,2025-08-21,2025-08-19
6325,79.5,call,2025-08-21,2025-08-19
6330,76.5,call,2025-08-21,2025-08-19
6335,71.3,call,2025-08-21,2025-08-19
6340,67.75,call,2025-08-21,2025-08-19
6345,63.300000000000004,call,2025-08-21,2025-08-19
6350,58.7,call,2025-08-21,2025-08-19
6355,54.5,call,2025-08-21,2025-08-19
6360,50.8,call,2025-08-21,2025-08-19
6365,46.650000000000006,call,2025-08-21,2025-08-19
6370,42.7,call,2025-08-21,2025-08-19
6375,39.2,call,2025-08-21,2025-08-19
6380,35.15,call,2025-08-21,2025-08-19
6385,31.75,call,2025-08-21,2025-08-19
6390,28.75,call,2025-08-21,2025-08-19
6395,25.6,call,2025-08-21,2025-08-19
6400,22.7,call,2025-08-21,2025-08-19
6405,19.9,call,2025-08-21,2025-08-19
6410,17.3,call,2025-08-21,2025-08-19
6415,14.899999999999999,call,2025-08-21,2025-08-19
6420,12.5,call,2025-08-21,2025-08-19
6425,10.8,call,2025-08-21,2025-08-19
6430,9.05,call,2025-08-21,2025-08-19
6435,7.35,call,2025-08-21,2025-08-19
6440,6.050000000000001,call,2025-08-21,2025-08-19
6445,4.949999999999999,call,2025-08-21,2025-08-19
6450,4.0,call,2025-08-21,2025-08-19
6455,3.1,call,2025-08-21,2025-08-19
6460,2.425,call,2025-08-21,2025-08-19
6465,1.875,call,2025-08-21,2025-08-19
6470,1.4500000000000002,call,2025-08-21,2025-08-19
6475,1.125,call,2025-08-21,2025-08-19
6480,0.85,call,2025-08-21,2025-08-19
6485,0.675,call,2025-08-21,2025-08-19
6490,0.47500000000000003,call,2025-08-21,2025-08-19
6495,0.375,call,2025-08-21,2025-08-19
6500,0.3,call,2025-08-21,2025-08-19
6505,0.25,call,2025-08-21,2025-08-19
6510,0.2,call,2025-08-21,2025-08-19
6515,0.175,call,2025-08-21,2025-08-19
6520,0.15000000000000002,call,2025-08-21,2025-08-19
6525,0.125,call,2025-08-21,2025-08-19
6530,0.1,call,2025-08-21,2025-08-19
6535,0.1,call,2025-08-21,2025-08-19
6540,0.125,call,2025-08-21,2025-08-19
6545,0.1,call,2025-08-21,2025-08-19
6550,0.1,call,2025-08-21,2025-08-19
6555,0.1,call,2025-08-21,2025-08-19
6560,0.075,call,2025-08-21,2025-08-19
6565,0.075,call,2025-08-21,2025-08-19
6570,0.05,call,2025-08-21,2025-08-19
6575,0.05,call,2025-08-21,2025-08-19
6580,0.05,call,2025-08-21,2025-08-19
6585,0.05,call,2025-08-21,2025-08-19
6590,0.05,call,2025-08-21,2025-08-19
6595,0.05,call,2025-08-21,2025-08-19
6600,0.05,call,2025-08-21,2025-08-19
6605,0.05,call,2025-08-21,2025-08-19
6610,0.05,call,2025-08-21,2025-08-19
6615,0.05,call,2025-08-21,2025-08-19
6620,0.05,call,2025-08-21,2025-08-19
6625,0.05,call,2025-08-21,2025-08-19
6630,0.05,call,2025-08-21,2025-08-19
6635,0.05,call,2025-08-21,2025-08-19
6640,0.05,call,2025-08-21,2025-08-19
6645,0.05,call,2025-08-21,2025-08-19
6650,0.05,call,2025-08-21,2025-08-19
6655,0.05,call,2025-08-21,2025-08-19
6660,0.05,call,2025-08-21,2025-08-19
6665,0.05,call,2025-08-21,2025-08-19
6670,0.05,call,2025-08-21,2025-08-19
6675,0.05,call,2025-08-21,2025-08-19
6680,0.05,call,2025-08-21,2025-08-19
6685,0.05,call,2025-08-21,2025-08-19
6690,0.05,call,2025-08-21,2025-08-19
6695,0.05,call,2025-08-21,2025-08-19
6700,0.05,call,2025-08-21,2025-08-19
6705,0.05,call,2025-08-21,2025-08-19
6710,0.05,call,2025-08-21,2025-08-19
6715,0.05,call,2025-08-21,2025-08-19
6720,0.05,call,2025-08-21,2025-08-19
6725,0.05,call,2025-08-21,2025-08-19
6730,0.05,call,2025-08-21,2025-08-19
6735,0.05,call,2025-08-21,2025-08-19
6740,0.05,call,2025-08-21,2025-08-19
6745,0.05,call,2025-08-21,2025-08-19
6750,0.05,call,2025-08-21,2025-08-19
6755,0.05,call,2025-08-21,2025-08-19
6760,0.05,call,2025-08-21,2025-08-19
6765,0.05,call,2025-08-21,2025-08-19
6770,0.05,call,2025-08-21,2025-08-19
6775,0.05,call,2025-08-21,2025-08-19
6780,0.05,call,2025-08-21,2025-08-19
6785,0.05,call,2025-08-21,2025-08-19
6790,0.05,call,2025-08-21,2025-08-19
6795,0.05,call,2025-08-21,2025-08-19
6800,0.05,call,2025-08-21,2025-08-19
6805,0.060000000000000005,call,2025-08-21,2025-08-19
6810,0.07,call,2025-08-21,2025-08-19
6815,0.08,call,2025-08-21,2025-08-19
6820,0.09,call,2025-08-21,2025-08-19
6825,0.1,call,2025-08-21,2025-08-19
6830,0.1,call,2025-08-21,2025-08-19
6835,0.1,call,2025-08-21,2025-08-19
6840,0.1,call,2025-08-21,2025-08-19
6845,0.1,call,2025-08-21,2025-08-19
6850,0.1,call,2025-08-21,2025-08-19
6855,0.1,call,2025-08-21,2025-08-19
6860,0.1,call,2025-08-21,2025-08-19
6865,0.1,call,2025-08-21,2025-08-19
6870,0.1,call,2025-08-21,2025-08-19
6875,0.1,call,2025-08-21,2025-08-19
6880,0.085,call,2025-08-21,2025-08-19
6885,0.07,call,2025-08-21,2025-08-19
6890,0.05499999999999999,call,2025-08-21,2025-08-19
6895,0.039999999999999994,call,2025-08-21,2025-08-19
6900,0.025,call,2025-08-21,2025-08-19
6905,0.025,call,2025-08-21,2025-08-19
6910,0.025,call,2025-08-21,2025-08-19
6915,0.025,call,2025-08-21,2025-08-19
6920,0.025,call,2025-08-21,2025-08-19
6925,0.025,call,2025-08-21,2025-08-19
6930,0.025,call,2025-08-21,2025-08-19
6935,0.025,call,2025-08-21,2025-08-19
6940,0.025,call,2025-08-21,2025-08-19
6945,0.025,call,2025-08-21,2025-08-19
6950,0.025,call,2025-08-21,2025-08-19
6955,0.025,call,2025-08-21,2025-08-19
6960,0.025,call,2025-08-21,2025-08-19
6965,0.025,call,2025-08-21,2025-08-19
6970,0.025,call,2025-08-21,2025-08-19
6975,0.025,call,2025-08-21,2025-08-19
6980,0.025,call,2025-08-21,2025-08-19
6985,0.025,call,2025-08-21,2025-08-19
6990,0.025,call,2025-08-21,2025-08-19
6995,0.025,call,2025-08-21,2025-08-19
7000,0.025,call,2025-08-21,2025-08-19
6000,403.65,call,2025-08-22,2025-08-19
6005,398.67499999999995,call,2025-08-22,2025-08-19
6010,393.7,call,2025-08-22,2025-08-19
6015,388.75,call,2025-08-22,2025-08-19
6020,383.7,call,2025-08-22,2025-08-19
6025,378.25,call,2025-08-22,2025-08-19
6030,373.35,call,2025-08-22,2025-08-19
6035,368.35,call,2025-08-22,2025-08-19
6040,363.35,call,2025-08-22,2025-08-19
6045,358.85,call,2025-08-22,2025-08-19
6050,353.85,call,2025-08-22,2025-08-19
6055,348.85,call,2025-08-22,2025-08-19
6060,343.4,call,2025-08-22,2025-08-19
6065,338.67499999999995,call,2025-08-22,2025-08-19
6070,333.95,call,2025-08-22,2025-08-19
6075,328.95,call,2025-08-22,2025-08-19
6080,323.95,call,2025-08-22,2025-08-19
6085,318.775,call,2025-08-22,2025-08-19
6090,313.6,call,2025-08-22,2025-08-19
6095,308.82500000000005,call,2025-08-22,2025-08-19
6100,304.05,call,2025-08-22,2025-08-19
6105,298.875,call,2025-08-22,2025-08-19
6110,293.70000000000005,call,2025-08-22,2025-08-19
6115,288.725,call,2025-08-22,2025-08-19
6120,283.75,call,2025-08-22,2025-08-19
6125,278.85,call,2025-08-22,2025-08-19
6130,274.35,call,2025-08-22,2025-08-19
6135,269.125,call,2025-08-22,2025-08-19
6140,263.9,call,2025-08-22,2025-08-19
6145,259.175,call,2025-08-22,2025-08-19
6150,254.45000000000002,call,2025-08-22,2025-08-19
6155,249.6,call,2025-08-22,2025-08-19
6160,244.14999999999998,call,2025-08-22,2025-08-19
6165,239.7,call,2025-08-22,2025-08-19
6170,234.3,call,2025-08-22,2025-08-19
6175,229.85000000000002,call,2025-08-22,2025-08-19
6180,224.45,call,2025-08-22,2025-08-19
6185,219.7,call,2025-08-22,2025-08-19
6190,214.95,call,2025-08-22,2025-08-19
6195,210.45,call,2025-08-22,2025-08-19
6200,205.1,call,2025-08-22,2025-08-19
6205,200.8,call,2025-08-22,2025-08-19
6210,195.4,call,2025-08-22,2025-08-19
6215,190.6,call,2025-08-22,2025-08-19
6220,186.25,call,2025-08-22,2025-08-19
6225,181.45,call,2025-08-22,2025-08-19
6230,176.65,call,2025-08-22,2025-08-19
6235,171.35,call,2025-08-22,2025-08-19
6240,167.05,call,2025-08-22,2025-08-19
6245,162.3,call,2025-08-22,2025-08-19
6250,157.05,call,2025-08-22,2025-08-19
6255,152.85000000000002,call,2025-08-22,2025-08-19
6260,147.7,call,2025-08-22,2025-08-19
6265,143.39999999999998,call,2025-08-22,2025-08-19
6270,138.85,call,2025-08-22,2025-08-19
6275,134.14999999999998,call,2025-08-22,2025-08-19
6280,129.55,call,2025-08-22,2025-08-19
6285,124.65,call,2025-08-22,2025-08-19
6290,120.5,call,2025-08-22,2025-08-19
6295,116.1,call,2025-08-22,2025-08-19
6300,111.15,call,2025-08-22,2025-08-19
6305,106.8,call,2025-08-22,2025-08-19
6310,102.85,call,2025-08-22,2025-08-19
6315,98.45,call,2025-08-22,2025-08-19
6320,94.25,call,2025-08-22,2025-08-19
6325,90.0,call,2025-08-22,2025-08-19
6330,85.85,call,2025-08-22,2025-08-19
6335,81.75,call,2025-08-22,2025-08-19
6340,77.69999999999999,call,2025-08-22,2025-08-19
6345,73.7,call,2025-08-22,2025-08-19
6350,69.75,call,2025-08-22,2025-08-19
6355,65.6,call,2025-08-22,2025-08-19
6360,62.150000000000006,call,2025-08-22,2025-08-19
6365,58.4,call,2025-08-22,2025-08-19
6370,54.8,call,2025-08-22,2025-08-19
6375,51.35,call,2025-08-22,2025-08-19
6380,47.85,call,2025-08-22,2025-08-19
6385,44.3,call,2025-08-22,2025-08-19
6390,41.099999999999994,call,2025-08-22,2025-08-19
6395,38.25,call,2025-08-22,2025-08-19
6400,35.25,call,2025-08-22,2025-08-19
6405,32.45,call,2025-08-22,2025-08-19
6410,29.65,call,2025-08-22,2025-08-19
6415,26.8,call,2025-08-22,2025-08-19
6420,24.5,call,2025-08-22,2025-08-19
6425,22.1,call,2025-08-22,2025-08-19
6430,19.85,call,2025-08-22,2025-08-19
6435,17.85,call,2025-08-22,2025-08-19
6440,15.7,call,2025-08-22,2025-08-19
6445,14.05,call,2025-08-22,2025-08-19
6450,12.35,call,2025-08-22,2025-08-19
6455,10.75,call,2025-08-22,2025-08-19
6460,9.45,call,2025-08-22,2025-08-19
6465,8.05,call,2025-08-22,2025-08-19
6470,6.85,call,2025-08-22,2025-08-19
6475,5.85,call,2025-08-22,2025-08-19
6480,5.050000000000001,call,2025-08-22,2025-08-19
6485,4.300000000000001,call,2025-08-22,2025-08-19
6490,3.6,call,2025-08-22,2025-08-19
6495,3.0250000000000004,call,2025-08-22,2025-08-19
6500,2.5250000000000004,call,2025-08-22,2025-08-19
6505,2.125,call,2025-08-22,2025-08-19
6510,1.775,call,2025-08-22,2025-08-19
6515,1.425,call,2025-08-22,2025-08-19
6520,1.2,call,2025-08-22,2025-08-19
6525,0.9750000000000001,call,2025-08-22,2025-08-19
6530,0.825,call,2025-08-22,2025-08-19
6535,0.7,call,2025-08-22,2025-08-19
6540,0.575,call,2025-08-22,2025-08-19
6545,0.47500000000000003,call,2025-08-22,2025-08-19
6550,0.425,call,2025-08-22,2025-08-19
6555,0.375,call,2025-08-22,2025-08-19
6560,0.325,call,2025-08-22,2025-08-19
6565,0.3,call,2025-08-22,2025-08-19
6570,0.275,call,2025-08-22,2025-08-19
6575,0.25,call,2025-08-22,2025-08-19
6580,0.22499999999999998,call,2025-08-22,2025-08-19
6585,0.2,call,2025-08-22,2025-08-19
6590,0.2,call,2025-08-22,2025-08-19
6595,0.175,call,2025-08-22,2025-08-19
6600,0.2,call,2025-08-22,2025-08-19
6605,0.175,call,2025-08-22,2025-08-19
6610,0.15000000000000002,call,2025-08-22,2025-08-19
6615,0.15000000000000002,call,2025-08-22,2025-08-19
6620,0.15000000000000002,call,2025-08-22,2025-08-19
6625,0.15000000000000002,call,2025-08-22,2025-08-19
6630,0.15000000000000002,call,2025-08-22,2025-08-19
6635,0.15000000000000002,call,2025-08-22,2025-08-19
6640,0.15000000000000002,call,2025-08-22,2025-08-19
6645,0.15000000000000002,call,2025-08-22,2025-08-19
6650,0.15000000000000002,call,2025-08-22,2025-08-19
6655,0.15000000000000002,call,2025-08-22,2025-08-19
6660,0.15000000000000002,call,2025-08-22,2025-08-19
6665,0.15000000000000002,call,2025-08-22,2025-08-19
6670,0.15000000000000002,call,2025-08-22,2025-08-19
6675,0.15000000000000002,call,2025-08-22,2025-08-19
6680,0.15000000000000002,call,2025-08-22,2025-08-19
6685,0.15000000000000002,call,2025-08-22,2025-08-19
6690,0.15000000000000002,call,2025-08-22,2025-08-19
6695,0.1375,call,2025-08-22,2025-08-19
6700,0.125,call,2025-08-22,2025-08-19
6705,0.1125,call,2025-08-22,2025-08-19
6710,0.1,call,2025-08-22,2025-08-19
6715,0.1,call,2025-08-22,2025-08-19
6720,0.1,call,2025-08-22,2025-08-19
6725,0.1,call,2025-08-22,2025-08-19
6730,0.1,call,2025-08-22,2025-08-19
6735,0.1,call,2025-08-22,2025-08-19
6740,0.1,call,2025-08-22,2025-08-19
6745,0.1,call,2025-08-22,2025-08-19
6750,0.1,call,2025-08-22,2025-08-19
6755,0.1,call,2025-08-22,2025-08-19
6760,0.1,call,2025-08-22,2025-08-19
6765,0.1,call,2025-08-22,2025-08-19
6770,0.1,call,2025-08-22,2025-08-19
6775,0.1,call,2025-08-22,2025-08-19
6780,0.1,call,2025-08-22,2025-08-19
6785,0.1,call,2025-08-22,2025-08-19
6790,0.1,call,2025-08-22,2025-08-19
6795,0.1,call,2025-08-22,2025-08-19
6800,0.1,call,2025-08-22,2025-08-19
6805,0.1,call,2025-08-22,2025-08-19
6810,0.1,call,2025-08-22,2025-08-19
6815,0.1,call,2025-08-22,2025-08-19
6820,0.1,call,2025-08-22,2025-08-19
6825,0.1,call,2025-08-22,2025-08-19
6830,0.1,call,2025-08-22,2025-08-19
6835,0.1,call,2025-08-22,2025-08-19
6840,0.1,call,2025-08-22,2025-08-19
6845,0.1,call,2025-08-22,2025-08-19
6850,0.1,call,2025-08-22,2025-08-19
6855,0.095,call,2025-08-22,2025-08-19
6860,0.09,call,2025-08-22,2025-08-19
6865,0.08499999999999999,call,2025-08-22,2025-08-19
6870,0.08,call,2025-08-22,2025-08-19
6875,0.075,call,2025-08-22,2025-08-19
6880,0.06999999999999999,call,2025-08-22,2025-08-19
6885,0.065,call,2025-08-22,2025-08-19
6890,0.06,call,2025-08-22,2025-08-19
6895,0.055,call,2025-08-22,2025-08-19
6900,0.05,call,2025-08-22,2025-08-19
6905,0.060000000000000005,call,2025-08-22,2025-08-19
6910,0.07,call,2025-08-22,2025-08-19
6915,0.08,call,2025-08-22,2025-08-19
6920,0.09,call,2025-08-22,2025-08-19
6925,0.1,call,2025-08-22,2025-08-19
6930,0.09000000000000001,call,2025-08-22,2025-08-19
6935,0.08,call,2025-08-22,2025-08-19
6940,0.07,call,2025-08-22,2025-08-19
6945,0.060000000000000005,call,2025-08-22,2025-08-19
6950,0.05,call,2025-08-22,2025-08-19
6955,0.060000000000000005,call,2025-08-22,2025-08-19
6960,0.07,call,2025-08-22,2025-08-19
6965,0.08,call,2025-08-22,2025-08-19
6970,0.09,call,2025-08-22,2025-08-19
6975,0.1,call,2025-08-22,2025-08-19
6980,0.09000000000000001,call,2025-08-22,2025-08-19
6985,0.08,call,2025-08-22,2025-08-19
6990,0.07,call,2025-08-22,2025-08-19
6995,0.060000000000000005,call,2025-08-22,2025-08-19
7000,0.05,call,2025-08-22,2025-08-19
6000,405.0,call,2025-08-25,2025-08-19
6005,400.0,call,2025-08-25,2025-08-19
6010,395.0,call,2025-08-25,2025-08-19
6015,390.05,call,2025-08-25,2025-08-19
6020,385.1,call,2025-08-25,2025-08-19
6025,380.05,call,2025-08-25,2025-08-19
6030,375.1,call,2025-08-25,2025-08-19
6035,370.15000000000003,call,2025-08-25,2025-08-19
6040,365.20000000000005,call,2025-08-25,2025-08-19
6045,360.20000000000005,call,2025-08-25,2025-08-19
6050,355.2,call,2025-08-25,2025-08-19
6055,350.225,call,2025-08-25,2025-08-19
6060,345.25,call,2025-08-25,2025-08-19
6065,340.3666666666667,call,2025-08-25,2025-08-19
6070,335.48333333333335,call,2025-08-25,2025-08-19
6075,330.6,call,2025-08-25,2025-08-19
6080,325.4,call,2025-08-25,2025-08-19
6085,320.42499999999995,call,2025-08-25,2025-08-19
6090,315.45,call,2025-08-25,2025-08-19
6095,310.5,call,2025-08-25,2025-08-19
6100,305.55,call,2025-08-25,2025-08-19
6105,300.6,call,2025-08-25,2025-08-19
6110,295.65,call,2025-08-25,2025-08-19
6115,290.7,call,2025-08-25,2025-08-19
6120,285.75,call,2025-08-25,2025-08-19
6125,280.85,call,2025-08-25,2025-08-19
6130,275.97,call,2025-08-25,2025-08-19
6135,271.09000000000003,call,2025-08-25,2025-08-19
6140,266.21,call,2025-08-25,2025-08-19
6145,261.33,call,2025-08-25,2025-08-19
6150,256.45,call,2025-08-25,2025-08-19
6155,251.29999999999998,call,2025-08-25,2025-08-19
6160,246.4,call,2025-08-25,2025-08-19
6165,241.5,call,2025-08-25,2025-08-19
6170,236.6,call,2025-08-25,2025-08-19
6175,231.7,call,2025-08-25,2025-08-19
6180,226.9,call,2025-08-25,2025-08-19
6185,221.89999999999998,call,2025-08-25,2025-08-19
6190,216.89999999999998,call,2025-08-25,2025-08-19
6195,212.225,call,2025-08-25,2025-08-19
6200,207.55,call,2025-08-25,2025-08-19
6205,202.3,call,2025-08-25,2025-08-19
6210,197.05,call,2025-08-25,2025-08-19
6215,192.25,call,2025-08-25,2025-08-19
6220,187.45,call,2025-08-25,2025-08-19
6225,182.7,call,2025-08-25,2025-08-19
6230,178.0,call,2025-08-25,2025-08-19
6235,173.425,call,2025-08-25,2025-08-19
6240,168.85000000000002,call,2025-08-25,2025-08-19
6245,163.89999999999998,call,2025-08-25,2025-08-19
6250,159.95,call,2025-08-25,2025-08-19
6255,154.8,call,2025-08-25,2025-08-19
6260,150.0,call,2025-08-25,2025-08-19
6265,146.2,call,2025-08-25,2025-08-19
6270,141.6,call,2025-08-25,2025-08-19
6275,136.8,call,2025-08-25,2025-08-19
6280,132.3,call,2025-08-25,2025-08-19
6285,128.05,call,2025-08-25,2025-08-19
6290,123.19999999999999,call,2025-08-25,2025-08-19
6295,119.05000000000001,call,2025-08-25,2025-08-19
6300,114.75,call,2025-08-25,2025-08-19
6305,110.25,call,2025-08-25,2025-08-19
6310,106.0,call,2025-08-25,2025-08-19
6315,102.3,call,2025-08-25,2025-08-19
6320,98.0,call,2025-08-25,2025-08-19
6325,93.95,call,2025-08-25,2025-08-19
6330,89.55,call,2025-08-25,2025-08-19
6335,85.95,call,2025-08-25,2025-08-19
6340,81.55000000000001,call,2025-08-25,2025-08-19
6345,78.0,call,2025-08-25,2025-08-19
6350,73.5,call,2025-08-25,2025-08-19
6355,70.0,call,2025-08-25,2025-08-19
6360,66.55,call,2025-08-25,2025-08-19
6365,62.95,call,2025-08-25,2025-08-19
6370,59.45,call,2025-08-25,2025-08-19
6375,56.0,call,2025-08-25,2025-08-19
6380,52.55,call,2025-08-25,2025-08-19
6385,49.25,call,2025-08-25,2025-08-19
6390,46.05,call,2025-08-25,2025-08-19
6395,42.75,call,2025-08-25,2025-08-19
6400,39.95,call,2025-08-25,2025-08-19
6405,37.0,call,2025-08-25,2025-08-19
6410,34.25,call,2025-08-25,2025-08-19
6415,31.55,call,2025-08-25,2025-08-19
6420,28.95,call,2025-08-25,2025-08-19
6425,26.5,call,2025-08-25,2025-08-19
6430,23.95,call,2025-08-25,2025-08-19
6435,21.7,call,2025-08-25,2025-08-19
6440,19.6,call,2025-08-25,2025-08-19
6445,17.7,call,2025-08-25,2025-08-19
6450,15.850000000000001,call,2025-08-25,2025-08-19
6455,14.3,call,2025-08-25,2025-08-19
6460,12.7,call,2025-08-25,2025-08-19
6465,11.15,call,2025-08-25,2025-08-19
6470,9.899999999999999,call,2025-08-25,2025-08-19
6475,8.55,call,2025-08-25,2025-08-19
6480,7.5,call,2025-08-25,2025-08-19
6485,6.5,call,2025-08-25,2025-08-19
6490,5.65,call,2025-08-25,2025-08-19
6495,4.800000000000001,call,2025-08-25,2025-08-19
6500,4.1,call,2025-08-25,2025-08-19
6505,3.55,call,2025-08-25,2025-08-19
6510,2.975,call,2025-08-25,2025-08-19
6515,2.5,call,2025-08-25,2025-08-19
6520,2.075,call,2025-08-25,2025-08-19
6525,1.725,call,2025-08-25,2025-08-19
6530,1.425,call,2025-08-25,2025-08-19
6535,1.175,call,2025-08-25,2025-08-19
6540,0.9750000000000001,call,2025-08-25,2025-08-19
6545,0.85,call,2025-08-25,2025-08-19
6550,0.7,call,2025-08-25,2025-08-19
6555,0.575,call,2025-08-25,2025-08-19
6560,0.5,call,2025-08-25,2025-08-19
6565,0.425,call,2025-08-25,2025-08-19
6570,0.375,call,2025-08-25,2025-08-19
6575,0.325,call,2025-08-25,2025-08-19
6580,0.3,call,2025-08-25,2025-08-19
6585,0.275,call,2025-08-25,2025-08-19
6590,0.25,call,2025-08-25,2025-08-19
6595,0.22499999999999998,call,2025-08-25,2025-08-19
6600,0.2,call,2025-08-25,2025-08-19
6605,0.1875,call,2025-08-25,2025-08-19
6610,0.175,call,2025-08-25,2025-08-19
6615,0.175,call,2025-08-25,2025-08-19
6620,0.175,call,2025-08-25,2025-08-19
6625,0.175,call,2025-08-25,2025-08-19
6630,0.15000000000000002,call,2025-08-25,2025-08-19
6635,0.15000000000000002,call,2025-08-25,2025-08-19
6640,0.15000000000000002,call,2025-08-25,2025-08-19
6645,0.15000000000000002,call,2025-08-25,2025-08-19
6650,0.15000000000000002,call,2025-08-25,2025-08-19
6655,0.15000000000000002,call,2025-08-25,2025-08-19
6660,0.15000000000000002,call,2025-08-25,2025-08-19
6665,0.15000000000000002,call,2025-08-25,2025-08-19
6670,0.15000000000000002,call,2025-08-25,2025-08-19
6675,0.15000000000000002,call,2025-08-25,2025-08-19
6680,0.14500000000000002,call,2025-08-25,2025-08-19
6685,0.14,call,2025-08-25,2025-08-19
6690,0.135,call,2025-08-25,2025-08-19
6695,0.13,call,2025-08-25,2025-08-19
6700,0.125,call,2025-08-25,2025-08-19
6705,0.12,call,2025-08-25,2025-08-19
6710,0.115,call,2025-08-25,2025-08-19
6715,0.11,call,2025-08-25,2025-08-19
6720,0.10500000000000001,call,2025-08-25,2025-08-19
6725,0.1,call,2025-08-25,2025-08-19
6730,0.1,call,2025-08-25,2025-08-19
6735,0.1,call,2025-08-25,2025-08-19
6740,0.1,call,2025-08-25,2025-08-19
6745,0.1,call,2025-08-25,2025-08-19
6750,0.1,call,2025-08-25,2025-08-19
6755,0.1,call,2025-08-25,2025-08-19
6760,0.1,call,2025-08-25,2025-08-19
6765,0.1,call,2025-08-25,2025-08-19
6770,0.1,call,2025-08-25,2025-08-19
6775,0.1,call,2025-08-25,2025-08-19
6780,0.1,call,2025-08-25,2025-08-19
6785,0.1,call,2025-08-25,2025-08-19
6790,0.1,call,2025-08-25,2025-08-19
6795,0.1,call,2025-08-25,2025-08-19
6800,0.1,call,2025-08-25,2025-08-19
6805,0.1,call,2025-08-25,2025-08-19
6810,0.1,call,2025-08-25,2025-08-19
6815,0.1,call,2025-08-25,2025-08-19
6820,0.1,call,2025-08-25,2025-08-19
6825,0.1,call,2025-08-25,2025-08-19
6830,0.1,call,2025-08-25,2025-08-19
6835,0.1,call,2025-08-25,2025-08-19
6840,0.1,call,2025-08-25,2025-08-19
6845,0.1,call,2025-08-25,2025-08-19
6850,0.1,call,2025-08-25,2025-08-19
6855,0.1,call,2025-08-25,2025-08-19
6860,0.1,call,2025-08-25,2025-08-19
6865,0.1,call,2025-08-25,2025-08-19
6870,0.1,call,2025-08-25,2025-08-19
6875,0.1,call,2025-08-25,2025-08-19
6880,0.095,call,2025-08-25,2025-08-19
6885,0.09,call,2025-08-25,2025-08-19
6890,0.08499999999999999,call,2025-08-25,2025-08-19
6895,0.08,call,2025-08-25,2025-08-19
6900,0.075,call,2025-08-25,2025-08-19
6905,0.07375,call,2025-08-25,2025-08-19
6910,0.0725,call,2025-08-25,2025-08-19
6915,0.07125,call,2025-08-25,2025-08-19
6920,0.06999999999999999,call,2025-08-25,2025-08-19
6925,0.06875,call,2025-08-25,2025-08-19
6930,0.0675,call,2025-08-25,2025-08-19
6935,0.06625,call,2025-08-25,2025-08-19
6940,0.065,call,2025-08-25,2025-08-19
6945,0.06375,call,2025-08-25,2025-08-19
6950,0.0625,call,2025-08-25,2025-08-19
6955,0.06125,call,2025-08-25,2025-08-19
6960,0.06,call,2025-08-25,2025-08-19
6965,0.05875,call,2025-08-25,2025-08-19
6970,0.057499999999999996,call,2025-08-25,2025-08-19
6975,0.05625,call,2025-08-25,2025-08-19
6980,0.055,call,2025-08-25,2025-08-19
6985,0.05375,call,2025-08-25,2025-08-19
6990,0.052500000000000005,call,2025-08-25,2025-08-19
6995,0.051250000000000004,call,2025-08-25,2025-08-19
7000,0.05,call,2025-08-25,2025-08-19
6000,405.35,call,2025-08-26,2025-08-19
6005,400.425,call,2025-08-26,2025-08-19
6010,395.5,call,2025-08-26,2025-08-19
6015,390.57500000000005,call,2025-08-26,2025-08-19
6020,385.65000000000003,call,2025-08-26,2025-08-19
6025,380.725,call,2025-08-26,2025-08-19
6030,375.80000000000007,call,2025-08-26,2025-08-19
6035,370.87500000000006,call,2025-08-26,2025-08-19
6040,365.95000000000005,call,2025-08-26,2025-08-19
6045,361.05,call,2025-08-26,2025-08-19
6050,356.15,call,2025-08-26,2025-08-19
6055,351.16666666666663,call,2025-08-26,2025-08-19
6060,346.18333333333334,call,2025-08-26,2025-08-19
6065,341.2,call,2025-08-26,2025-08-19
6070,336.21666666666664,call,2025-08-26,2025-08-19
6075,331.23333333333335,call,2025-08-26,2025-08-19
6080,326.25,call,2025-08-26,2025-08-19
6085,321.35,call,2025-08-26,2025-08-19
6090,316.45,call,2025-08-26,2025-08-19
6095,311.54999999999995,call,2025-08-26,2025-08-19
6100,306.65,call,2025-08-26,2025-08-19
6105,301.625,call,2025-08-26,2025-08-19
6110,296.6,call,2025-08-26,2025-08-19
6115,291.675,call,2025-08-26,2025-08-19
6120,286.75,call,2025-08-26,2025-08-19
6125,281.8625,call,2025-08-26,2025-08-19
6130,276.975,call,2025-08-26,2025-08-19
6135,272.0875,call,2025-08-26,2025-08-19
6140,267.2,call,2025-08-26,2025-08-19
6145,262.35,call,2025-08-26,2025-08-19
6150,257.5,call,2025-08-26,2025-08-19
6155,252.625,call,2025-08-26,2025-08-19
6160,247.75,call,2025-08-26,2025-08-19
6165,242.875,call,2025-08-26,2025-08-19
6170,238.0,call,2025-08-26,2025-08-19
6175,233.125,call,2025-08-26,2025-08-19
6180,228.25,call,2025-08-26,2025-08-19
6185,223.5,call,2025-08-26,2025-08-19
6190,218.75,call,2025-08-26,2025-08-19
6195,213.6,call,2025-08-26,2025-08-19
6200,209.14999999999998,call,2025-08-26,2025-08-19
6205,203.95,call,2025-08-26,2025-08-19
6210,198.75,call,2025-08-26,2025-08-19
6215,194.425,call,2025-08-26,2025-08-19
6220,190.1,call,2025-08-26,2025-08-19
6225,185.1,call,2025-08-26,2025-08-19
6230,180.1,call,2025-08-26,2025-08-19
6235,176.1,call,2025-08-26,2025-08-19
6240,171.05,call,2025-08-26,2025-08-19
6245,166.85000000000002,call,2025-08-26,2025-08-19
6250,161.95,call,2025-08-26,2025-08-19
6255,157.575,call,2025-08-26,2025-08-19
6260,153.2,call,2025-08-26,2025-08-19
6265,148.7,call,2025-08-26,2025-08-19
6270,144.2,call,2025-08-26,2025-08-19
6275,139.7,call,2025-08-26,2025-08-19
6280,135.3,call,2025-08-26,2025-08-19
6285,130.6,call,2025-08-26,2025-08-19
6290,126.75,call,2025-08-26,2025-08-19
6295,121.95,call,2025-08-26,2025-08-19
6300,118.15,call,2025-08-26,2025-08-19
6305,113.15,call,2025-08-26,2025-08-19
6310,109.15,call,2025-08-26,2025-08-19
6315,105.25,call,2025-08-26,2025-08-19
6320,101.1,call,2025-08-26,2025-08-19
6325,97.25,call,2025-08-26,2025-08-19
6330,93.15,call,2025-08-26,2025-08-19
6335,89.05,call,2025-08-26,2025-08-19
6340,84.9,call,2025-08-26,2025-08-19
6345,81.45,call,2025-08-26,2025-08-19
6350,77.35,call,2025-08-26,2025-08-19
6355,73.85,call,2025-08-26,2025-08-19
6360,69.80000000000001,call,2025-08-26,2025-08-19
6365,66.6,call,2025-08-26,2025-08-19
6370,63.05,call,2025-08-26,2025-08-19
6375,59.55,call,2025-08-26,2025-08-19
6380,56.2,call,2025-08-26,2025-08-19
6385,52.85,call,2025-08-26,2025-08-19
6390,49.55,call,2025-08-26,2025-08-19
6395,46.2,call,2025-08-26,2025-08-19
6400,43.400000000000006,call,2025-08-26,2025-08-19
6405,40.35,call,2025-08-26,2025-08-19
6410,37.65,call,2025-08-26,2025-08-19
6415,34.75,call,2025-08-26,2025-08-19
6420,32.35,call,2025-08-26,2025-08-19
6425,29.8,call,2025-08-26,2025-08-19
6430,27.4,call,2025-08-26,2025-08-19
6435,25.05,call,2025-08-26,2025-08-19
6440,22.8,call,2025-08-26,2025-08-19
6445,20.7,call,2025-08-26,2025-08-19
6450,18.8,call,2025-08-26,2025-08-19
6455,17.0,call,2025-08-26,2025-08-19
6460,15.2,call,2025-08-26,2025-08-19
6465,13.600000000000001,call,2025-08-26,2025-08-19
6470,12.25,call,2025-08-26,2025-08-19
6475,10.899999999999999,call,2025-08-26,2025-08-19
6480,9.5,call,2025-08-26,2025-08-19
6485,8.5,call,2025-08-26,2025-08-19
6490,7.449999999999999,call,2025-08-26,2025-08-19
6495,6.449999999999999,call,2025-08-26,2025-08-19
6500,5.65,call,2025-08-26,2025-08-19
6505,4.85,call,2025-08-26,2025-08-19
6510,4.199999999999999,call,2025-08-26,2025-08-19
6515,3.6,call,2025-08-26,2025-08-19
6520,3.1,call,2025-08-26,2025-08-19
6525,2.675,call,2025-08-26,2025-08-19
6530,2.25,call,2025-08-26,2025-08-19
6535,1.875,call,2025-08-26,2025-08-19
6540,1.575,call,2025-08-26,2025-08-19
6545,1.325,call,2025-08-26,2025-08-19
6550,1.1,call,2025-08-26,2025-08-19
6555,0.925,call,2025-08-26,2025-08-19
6560,0.8500000000000001,call,2025-08-26,2025-08-19
6565,0.75,call,2025-08-26,2025-08-19
6570,0.625,call,2025-08-26,2025-08-19
6575,0.47500000000000003,call,2025-08-26,2025-08-19
6580,0.425,call,2025-08-26,2025-08-19
6585,0.375,call,2025-08-26,2025-08-19
6590,0.325,call,2025-08-26,2025-08-19
6595,0.3,call,2025-08-26,2025-08-19
6600,0.275,call,2025-08-26,2025-08-19
6605,0.25,call,2025-08-26,2025-08-19
6610,0.22499999999999998,call,2025-08-26,2025-08-19
6615,0.2125,call,2025-08-26,2025-08-19
6620,0.2,call,2025-08-26,2025-08-19
6625,0.2,call,2025-08-26,2025-08-19
6630,0.175,call,2025-08-26,2025-08-19
6635,0.175,call,2025-08-26,2025-08-19
6640,0.175,call,2025-08-26,2025-08-19
6645,0.1625,call,2025-08-26,2025-08-19
6650,0.15000000000000002,call,2025-08-26,2025-08-19
6655,0.15000000000000002,call,2025-08-26,2025-08-19
6660,0.15000000000000002,call,2025-08-26,2025-08-19
6665,0.15000000000000002,call,2025-08-26,2025-08-19
6670,0.15000000000000002,call,2025-08-26,2025-08-19
6675,0.15000000000000002,call,2025-08-26,2025-08-19
6680,0.135,call,2025-08-26,2025-08-19
6685,0.12000000000000002,call,2025-08-26,2025-08-19
6690,0.10500000000000001,call,2025-08-26,2025-08-19
6695,0.09000000000000001,call,2025-08-26,2025-08-19
6700,0.07500000000000001,call,2025-08-26,2025-08-19
6705,0.085,call,2025-08-26,2025-08-19
6710,0.095,call,2025-08-26,2025-08-19
6715,0.10500000000000001,call,2025-08-26,2025-08-19
6720,0.115,call,2025-08-26,2025-08-19
6725,0.125,call,2025-08-26,2025-08-19
6730,0.12,call,2025-08-26,2025-08-19
6735,0.115,call,2025-08-26,2025-08-19
6740,0.11,call,2025-08-26,2025-08-19
6745,0.10500000000000001,call,2025-08-26,2025-08-19
6750,0.1,call,2025-08-26,2025-08-19
6755,0.1,call,2025-08-26,2025-08-19
6760,0.1,call,2025-08-26,2025-08-19
6765,0.1,call,2025-08-26,2025-08-19
6770,0.1,call,2025-08-26,2025-08-19
6775,0.1,call,2025-08-26,2025-08-19
6780,0.1,call,2025-08-26,2025-08-19
6785,0.1,call,2025-08-26,2025-08-19
6790,0.1,call,2025-08-26,2025-08-19
6795,0.1,call,2025-08-26,2025-08-19
6800,0.1,call,2025-08-26,2025-08-19
6805,0.1,call,2025-08-26,2025-08-19
6810,0.1,call,2025-08-26,2025-08-19
6815,0.1,call,2025-08-26,2025-08-19
6820,0.1,call,2025-08-26,2025-08-19
6825,0.1,call,2025-08-26,2025-08-19
6830,0.0975,call,2025-08-26,2025-08-19
6835,0.095,call,2025-08-26,2025-08-19
6840,0.0925,call,2025-08-26,2025-08-19
6845,0.09,call,2025-08-26,2025-08-19
6850,0.0875,call,2025-08-26,2025-08-19
6855,0.08499999999999999,call,2025-08-26,2025-08-19
6860,0.0825,call,2025-08-26,2025-08-19
6865,0.08,call,2025-08-26,2025-08-19
6870,0.0775,call,2025-08-26,2025-08-19
6875,0.075,call,2025-08-26,2025-08-19
6880,0.075,call,2025-08-26,2025-08-19
6885,0.075,call,2025-08-26,2025-08-19
6890,0.075,call,2025-08-26,2025-08-19
6895,0.075,call,2025-08-26,2025-08-19
6900,0.075,call,2025-08-26,2025-08-19
6905,0.07375,call,2025-08-26,2025-08-19
6910,0.0725,call,2025-08-26,2025-08-19
6915,0.07125,call,2025-08-26,2025-08-19
6920,0.06999999999999999,call,2025-08-26,2025-08-19
6925,0.06875,call,2025-08-26,2025-08-19
6930,0.0675,call,2025-08-26,2025-08-19
6935,0.06625,call,2025-08-26,2025-08-19
6940,0.065,call,2025-08-26,2025-08-19
6945,0.06375,call,2025-08-26,2025-08-19
6950,0.0625,call,2025-08-26,2025-08-19
6955,0.06125,call,2025-08-26,2025-08-19
6960,0.06,call,2025-08-26,2025-08-19
6965,0.05875,call,2025-08-26,2025-08-19
6970,0.057499999999999996,call,2025-08-26,2025-08-19
6975,0.05625,call,2025-08-26,2025-08-19
6980,0.055,call,2025-08-26,2025-08-19
6985,0.05375,call,2025-08-26,2025-08-19
6990,0.052500000000000005,call,2025-08-26,2025-08-19
6995,0.051250000000000004,call,2025-08-26,2025-08-19
7000,0.05,call,2025-08-26,2025-08-19
